dataset,instance,method,makespan,runtime_seconds,n_jobs,n_machines,size
edata,abz5.fjs,FIFO,1439,0.1,10,10,100
edata,abz6.fjs,FIFO,1254,0.1,10,10,100
edata,abz7.fjs,FIFO,886,0.7,20,15,300
edata,abz8.fjs,FIFO,831,0.6,20,15,300
edata,abz9.fjs,FIFO,938,0.7,20,15,300
edata,car1.fjs,FIFO,8240,0.1,11,5,55
edata,car2.fjs,FIFO,7819,0.1,13,4,52
edata,car3.fjs,FIFO,9500,0.2,12,5,60
edata,car4.fjs,FIFO,9390,0.1,14,4,56
edata,car5.fjs,FIFO,9691,0.3,10,6,60
edata,car6.fjs,FIFO,10805,0.8,8,9,72
edata,car7.fjs,FIFO,7690,0.2,7,7,49
edata,car8.fjs,FIFO,9769,0.5,8,8,64
edata,la01.fjs,FIFO,957,0.0,10,5,50
edata,la02.fjs,FIFO,838,0.0,10,5,50
edata,la03.fjs,FIFO,720,0.0,10,5,50
edata,la04.fjs,FIFO,784,0.0,10,5,50
edata,la05.fjs,FIFO,623,0.0,10,5,50
edata,la06.fjs,FIFO,1104,0.0,15,5,75
edata,la07.fjs,FIFO,1052,0.0,15,5,75
edata,la08.fjs,FIFO,966,0.0,15,5,75
edata,la09.fjs,FIFO,1068,0.0,15,5,75
edata,la10.fjs,FIFO,1049,0.0,15,5,75
edata,la11.fjs,FIFO,1424,0.0,20,5,100
edata,la12.fjs,FIFO,1235,0.0,20,5,100
edata,la13.fjs,FIFO,1266,0.0,20,5,100
edata,la14.fjs,FIFO,1340,0.0,20,5,100
edata,la15.fjs,FIFO,1510,0.0,20,5,100
edata,la16.fjs,FIFO,1220,0.1,10,10,100
edata,la17.fjs,FIFO,898,0.1,10,10,100
edata,la18.fjs,FIFO,1077,0.1,10,10,100
edata,la19.fjs,FIFO,1003,0.1,10,10,100
edata,la20.fjs,FIFO,1217,0.1,10,10,100
edata,la21.fjs,FIFO,1461,0.2,15,10,150
edata,la22.fjs,FIFO,1090,0.1,15,10,150
edata,la23.fjs,FIFO,1390,0.2,15,10,150
edata,la24.fjs,FIFO,1420,0.2,15,10,150
edata,la25.fjs,FIFO,1476,0.2,15,10,150
edata,la26.fjs,FIFO,1514,0.2,20,10,200
edata,la27.fjs,FIFO,1880,0.4,20,10,200
edata,la28.fjs,FIFO,1542,0.2,20,10,200
edata,la29.fjs,FIFO,1657,0.3,20,10,200
edata,la30.fjs,FIFO,1672,0.3,20,10,200
edata,la31.fjs,FIFO,2037,0.5,30,10,300
edata,la32.fjs,FIFO,2238,0.6,30,10,300
edata,la33.fjs,FIFO,2353,0.7,30,10,300
edata,la34.fjs,FIFO,2144,0.6,30,10,300
edata,la35.fjs,FIFO,2262,0.7,30,10,300
edata,la36.fjs,FIFO,1688,0.8,15,15,225
edata,la37.fjs,FIFO,1783,0.9,15,15,225
edata,la38.fjs,FIFO,1664,0.8,15,15,225
edata,la39.fjs,FIFO,1622,0.8,15,15,225
edata,la40.fjs,FIFO,1582,0.7,15,15,225
edata,mt06.fjs,FIFO,64,0.0,6,6,36
edata,mt10.fjs,FIFO,1255,0.1,10,10,100
edata,mt20.fjs,FIFO,1536,0.0,20,5,100
edata,orb1.fjs,FIFO,1217,0.1,10,10,100
edata,orb10.fjs,FIFO,1314,0.1,10,10,100
edata,orb2.fjs,FIFO,1135,0.1,10,10,100
edata,orb3.fjs,FIFO,1195,0.1,10,10,100
edata,orb4.fjs,FIFO,1408,0.1,10,10,100
edata,orb5.fjs,FIFO,1067,0.1,10,10,100
edata,orb6.fjs,FIFO,1382,0.1,10,10,100
edata,orb7.fjs,FIFO,-1,0.0,10,10,100
edata,orb8.fjs,FIFO,1157,0.1,10,10,100
edata,orb9.fjs,FIFO,1278,0.2,10,10,100
rdata,abz5.fjs,FIFO,1274,0.1,10,10,100
rdata,abz6.fjs,FIFO,892,0.1,10,10,100
rdata,abz7.fjs,FIFO,841,0.4,20,15,300
rdata,abz8.fjs,FIFO,835,0.4,20,15,300
rdata,abz9.fjs,FIFO,701,0.4,20,15,300
rdata,car1.fjs,FIFO,7225,0.1,11,5,55
rdata,car2.fjs,FIFO,7432,0.1,13,4,52
rdata,car3.fjs,FIFO,7069,0.1,12,5,60
rdata,car4.fjs,FIFO,7960,0.0,14,4,56
rdata,car5.fjs,FIFO,7281,0.1,10,6,60
rdata,car6.fjs,FIFO,7005,0.4,8,9,72
rdata,car7.fjs,FIFO,5758,0.1,7,7,49
rdata,car8.fjs,FIFO,7060,0.3,8,8,64
rdata,la01.fjs,FIFO,633,0.0,10,5,50
rdata,la02.fjs,FIFO,769,0.0,10,5,50
rdata,la03.fjs,FIFO,626,0.0,10,5,50
rdata,la04.fjs,FIFO,684,0.0,10,5,50
rdata,la05.fjs,FIFO,567,0.0,10,5,50
rdata,la06.fjs,FIFO,991,0.0,15,5,75
rdata,la07.fjs,FIFO,980,0.0,15,5,75
rdata,la08.fjs,FIFO,946,0.0,15,5,75
rdata,la09.fjs,FIFO,1005,0.0,15,5,75
rdata,la10.fjs,FIFO,1000,0.0,15,5,75
rdata,la11.fjs,FIFO,1344,0.0,20,5,100
rdata,la12.fjs,FIFO,1066,0.0,20,5,100
rdata,la13.fjs,FIFO,1217,0.0,20,5,100
rdata,la14.fjs,FIFO,1245,0.0,20,5,100
rdata,la15.fjs,FIFO,1231,0.0,20,5,100
rdata,la16.fjs,FIFO,886,0.1,10,10,100
rdata,la17.fjs,FIFO,883,0.1,10,10,100
rdata,la18.fjs,FIFO,1044,0.1,10,10,100
rdata,la19.fjs,FIFO,835,0.1,10,10,100
rdata,la20.fjs,FIFO,1002,0.1,10,10,100
rdata,la21.fjs,FIFO,1120,0.1,15,10,150
rdata,la22.fjs,FIFO,1156,0.1,15,10,150
rdata,la23.fjs,FIFO,1056,0.1,15,10,150
rdata,la24.fjs,FIFO,1057,0.1,15,10,150
rdata,la25.fjs,FIFO,1085,0.1,15,10,150
rdata,la26.fjs,FIFO,1343,0.1,20,10,200
rdata,la27.fjs,FIFO,1445,0.2,20,10,200
rdata,la28.fjs,FIFO,1511,0.2,20,10,200
rdata,la29.fjs,FIFO,1217,0.1,20,10,200
rdata,la30.fjs,FIFO,1607,0.2,20,10,200
rdata,la31.fjs,FIFO,1869,0.3,30,10,300
rdata,la32.fjs,FIFO,2074,0.3,30,10,300
rdata,la33.fjs,FIFO,2009,0.4,30,10,300
rdata,la34.fjs,FIFO,1927,0.3,30,10,300
rdata,la35.fjs,FIFO,2030,0.3,30,10,300
rdata,la36.fjs,FIFO,1373,0.5,15,15,225
rdata,la37.fjs,FIFO,1365,0.5,15,15,225
rdata,la38.fjs,FIFO,1440,0.5,15,15,225
rdata,la39.fjs,FIFO,1325,0.5,15,15,225
rdata,la40.fjs,FIFO,1352,0.5,15,15,225
rdata,mt06.fjs,FIFO,52,0.0,6,6,36
rdata,mt10.fjs,FIFO,811,0.1,10,10,100
rdata,mt20.fjs,FIFO,1196,0.0,20,5,100
rdata,orb1.fjs,FIFO,913,0.1,10,10,100
rdata,orb10.fjs,FIFO,922,0.1,10,10,100
rdata,orb2.fjs,FIFO,856,0.1,10,10,100
rdata,orb3.fjs,FIFO,921,0.1,10,10,100
rdata,orb4.fjs,FIFO,986,0.1,10,10,100
rdata,orb5.fjs,FIFO,926,0.1,10,10,100
rdata,orb6.fjs,FIFO,1156,0.1,10,10,100
rdata,orb7.fjs,FIFO,-1,0.0,10,10,100
rdata,orb8.fjs,FIFO,902,0.1,10,10,100
rdata,orb9.fjs,FIFO,839,0.1,10,10,100
vdata,abz5.fjs,FIFO,934,0.0,10,10,100
vdata,abz6.fjs,FIFO,807,0.0,10,10,100
vdata,abz7.fjs,FIFO,638,0.2,20,15,300
vdata,abz8.fjs,FIFO,715,0.2,20,15,300
vdata,abz9.fjs,FIFO,700,0.2,20,15,300
vdata,car1.fjs,FIFO,7198,0.1,11,5,55
vdata,car2.fjs,FIFO,7194,0.0,13,4,52
vdata,car3.fjs,FIFO,6324,0.0,12,5,60
vdata,car4.fjs,FIFO,7826,0.0,14,4,56
vdata,car5.fjs,FIFO,6659,0.1,10,6,60
vdata,car6.fjs,FIFO,6514,0.3,8,9,72
vdata,car7.fjs,FIFO,5120,0.1,7,7,49
vdata,car8.fjs,FIFO,6196,0.1,8,8,64
vdata,la01.fjs,FIFO,742,0.0,10,5,50
vdata,la02.fjs,FIFO,657,0.0,10,5,50
vdata,la03.fjs,FIFO,527,0.0,10,5,50
vdata,la04.fjs,FIFO,611,0.0,10,5,50
vdata,la05.fjs,FIFO,582,0.0,10,5,50
vdata,la06.fjs,FIFO,960,0.0,15,5,75
vdata,la07.fjs,FIFO,829,0.0,15,5,75
vdata,la08.fjs,FIFO,896,0.0,15,5,75
vdata,la09.fjs,FIFO,986,0.0,15,5,75
vdata,la10.fjs,FIFO,899,0.0,15,5,75
vdata,la11.fjs,FIFO,1174,0.0,20,5,100
vdata,la12.fjs,FIFO,1067,0.0,20,5,100
vdata,la13.fjs,FIFO,1217,0.0,20,5,100
vdata,la14.fjs,FIFO,1236,0.0,20,5,100
vdata,la15.fjs,FIFO,1208,0.0,20,5,100
vdata,la16.fjs,FIFO,777,0.0,10,10,100
vdata,la17.fjs,FIFO,652,0.0,10,10,100
vdata,la18.fjs,FIFO,679,0.0,10,10,100
vdata,la19.fjs,FIFO,660,0.0,10,10,100
vdata,la20.fjs,FIFO,799,0.0,10,10,100
vdata,la21.fjs,FIFO,1030,0.1,15,10,150
vdata,la22.fjs,FIFO,1065,0.1,15,10,150
vdata,la23.fjs,FIFO,1144,0.1,15,10,150
vdata,la24.fjs,FIFO,961,0.1,15,10,150
vdata,la25.fjs,FIFO,1034,0.1,15,10,150
vdata,la26.fjs,FIFO,1215,0.1,20,10,200
vdata,la27.fjs,FIFO,1296,0.1,20,10,200
vdata,la28.fjs,FIFO,1266,0.1,20,10,200
vdata,la29.fjs,FIFO,1244,0.2,20,10,200
vdata,la30.fjs,FIFO,1504,0.1,20,10,200
vdata,la31.fjs,FIFO,1817,0.2,30,10,300
vdata,la32.fjs,FIFO,1902,0.2,30,10,300
vdata,la33.fjs,FIFO,1730,0.2,30,10,300
vdata,la34.fjs,FIFO,1798,0.2,30,10,300
vdata,la35.fjs,FIFO,1803,0.2,30,10,300
vdata,la36.fjs,FIFO,998,0.2,15,15,225
vdata,la37.fjs,FIFO,1084,0.2,15,15,225
vdata,la38.fjs,FIFO,953,0.2,15,15,225
vdata,la39.fjs,FIFO,1006,0.2,15,15,225
vdata,la40.fjs,FIFO,980,0.2,15,15,225
vdata,mt06.fjs,FIFO,47,0.0,6,6,36
vdata,mt10.fjs,FIFO,804,0.0,10,10,100
vdata,mt20.fjs,FIFO,1156,0.0,20,5,100
vdata,orb1.fjs,FIFO,825,0.0,10,10,100
vdata,orb10.fjs,FIFO,696,0.0,10,10,100
vdata,orb2.fjs,FIFO,683,0.0,10,10,100
vdata,orb3.fjs,FIFO,727,0.0,10,10,100
vdata,orb4.fjs,FIFO,767,0.0,10,10,100
vdata,orb5.fjs,FIFO,643,0.0,10,10,100
vdata,orb6.fjs,FIFO,721,0.0,10,10,100
vdata,orb7.fjs,FIFO,-1,0.0,10,10,100
vdata,orb8.fjs,FIFO,648,0.0,10,10,100
vdata,orb9.fjs,FIFO,697,0.0,10,10,100
edata,abz5.fjs,SPT,1324,0.1,10,10,100
edata,abz6.fjs,SPT,1085,0.1,10,10,100
edata,abz7.fjs,SPT,876,0.5,20,15,300
edata,abz8.fjs,SPT,868,0.5,20,15,300
edata,abz9.fjs,SPT,902,0.7,20,15,300
edata,car1.fjs,SPT,7251,0.1,11,5,55
edata,car2.fjs,SPT,7329,0.0,13,4,52
edata,car3.fjs,SPT,8026,0.1,12,5,60
edata,car4.fjs,SPT,8845,0.1,14,4,56
edata,car5.fjs,SPT,8175,0.2,10,6,60
edata,car6.fjs,SPT,8837,0.5,8,9,72
edata,car7.fjs,SPT,6925,0.2,7,7,49
edata,car8.fjs,SPT,9666,0.4,8,8,64
edata,la01.fjs,SPT,747,0.0,10,5,50
edata,la02.fjs,SPT,837,0.0,10,5,50
edata,la03.fjs,SPT,684,0.0,10,5,50
edata,la04.fjs,SPT,668,0.0,10,5,50
edata,la05.fjs,SPT,581,0.0,10,5,50
edata,la06.fjs,SPT,1182,0.0,15,5,75
edata,la07.fjs,SPT,844,0.0,15,5,75
edata,la08.fjs,SPT,1021,0.0,15,5,75
edata,la09.fjs,SPT,1019,0.0,15,5,75
edata,la10.fjs,SPT,978,0.0,15,5,75
edata,la11.fjs,SPT,1373,0.0,20,5,100
edata,la12.fjs,SPT,1111,0.0,20,5,100
edata,la13.fjs,SPT,1314,0.0,20,5,100
edata,la14.fjs,SPT,1356,0.0,20,5,100
edata,la15.fjs,SPT,1213,0.0,20,5,100
edata,la16.fjs,SPT,1085,0.1,10,10,100
edata,la17.fjs,SPT,966,0.1,10,10,100
edata,la18.fjs,SPT,987,0.1,10,10,100
edata,la19.fjs,SPT,972,0.1,10,10,100
edata,la20.fjs,SPT,1007,0.1,10,10,100
edata,la21.fjs,SPT,1662,0.2,15,10,150
edata,la22.fjs,SPT,1147,0.1,15,10,150
edata,la23.fjs,SPT,1235,0.1,15,10,150
edata,la24.fjs,SPT,1102,0.1,15,10,150
edata,la25.fjs,SPT,1175,0.1,15,10,150
edata,la26.fjs,SPT,1460,0.2,20,10,200
edata,la27.fjs,SPT,1676,0.3,20,10,200
edata,la28.fjs,SPT,1441,0.2,20,10,200
edata,la29.fjs,SPT,1470,0.2,20,10,200
edata,la30.fjs,SPT,1694,0.3,20,10,200
edata,la31.fjs,SPT,1891,0.3,30,10,300
edata,la32.fjs,SPT,2313,0.4,30,10,300
edata,la33.fjs,SPT,2082,0.5,30,10,300
edata,la34.fjs,SPT,1907,0.3,30,10,300
edata,la35.fjs,SPT,2135,0.4,30,10,300
edata,la36.fjs,SPT,1671,0.8,15,15,225
edata,la37.fjs,SPT,1809,0.8,15,15,225
edata,la38.fjs,SPT,1508,0.7,15,15,225
edata,la39.fjs,SPT,1508,0.6,15,15,225
edata,la40.fjs,SPT,1342,0.6,15,15,225
edata,mt06.fjs,SPT,83,0.0,6,6,36
edata,mt10.fjs,SPT,1124,0.1,10,10,100
edata,mt20.fjs,SPT,1360,0.0,20,5,100
edata,orb1.fjs,SPT,1170,0.1,10,10,100
edata,orb10.fjs,SPT,1071,0.1,10,10,100
edata,orb2.fjs,SPT,1005,0.1,10,10,100
edata,orb3.fjs,SPT,1152,0.1,10,10,100
edata,orb4.fjs,SPT,1301,0.1,10,10,100
edata,orb5.fjs,SPT,1013,0.1,10,10,100
edata,orb6.fjs,SPT,1231,0.1,10,10,100
edata,orb7.fjs,SPT,-1,0.0,10,10,100
edata,orb8.fjs,SPT,1044,0.1,10,10,100
edata,orb9.fjs,SPT,1152,0.1,10,10,100
rdata,abz5.fjs,SPT,1120,0.1,10,10,100
rdata,abz6.fjs,SPT,946,0.1,10,10,100
rdata,abz7.fjs,SPT,783,0.4,20,15,300
rdata,abz8.fjs,SPT,808,0.4,20,15,300
rdata,abz9.fjs,SPT,748,0.4,20,15,300
rdata,car1.fjs,SPT,6320,0.1,11,5,55
rdata,car2.fjs,SPT,6724,0.0,13,4,52
rdata,car3.fjs,SPT,7992,0.1,12,5,60
rdata,car4.fjs,SPT,7674,0.1,14,4,56
rdata,car5.fjs,SPT,7912,0.2,10,6,60
rdata,car6.fjs,SPT,7765,0.4,8,9,72
rdata,car7.fjs,SPT,5535,0.1,7,7,49
rdata,car8.fjs,SPT,6887,0.2,8,8,64
rdata,la01.fjs,SPT,760,0.0,10,5,50
rdata,la02.fjs,SPT,700,0.0,10,5,50
rdata,la03.fjs,SPT,596,0.0,10,5,50
rdata,la04.fjs,SPT,618,0.0,10,5,50
rdata,la05.fjs,SPT,782,0.0,10,5,50
rdata,la06.fjs,SPT,1046,0.0,15,5,75
rdata,la07.fjs,SPT,914,0.0,15,5,75
rdata,la08.fjs,SPT,1081,0.0,15,5,75
rdata,la09.fjs,SPT,1087,0.0,15,5,75
rdata,la10.fjs,SPT,992,0.0,15,5,75
rdata,la11.fjs,SPT,1310,0.0,20,5,100
rdata,la12.fjs,SPT,1093,0.0,20,5,100
rdata,la13.fjs,SPT,1189,0.0,20,5,100
rdata,la14.fjs,SPT,1283,0.0,20,5,100
rdata,la15.fjs,SPT,1225,0.0,20,5,100
rdata,la16.fjs,SPT,839,0.1,10,10,100
rdata,la17.fjs,SPT,918,0.1,10,10,100
rdata,la18.fjs,SPT,832,0.1,10,10,100
rdata,la19.fjs,SPT,875,0.1,10,10,100
rdata,la20.fjs,SPT,890,0.1,10,10,100
rdata,la21.fjs,SPT,1205,0.1,15,10,150
rdata,la22.fjs,SPT,993,0.1,15,10,150
rdata,la23.fjs,SPT,1082,0.1,15,10,150
rdata,la24.fjs,SPT,1060,0.1,15,10,150
rdata,la25.fjs,SPT,1112,0.1,15,10,150
rdata,la26.fjs,SPT,1372,0.1,20,10,200
rdata,la27.fjs,SPT,1313,0.1,20,10,200
rdata,la28.fjs,SPT,1609,0.2,20,10,200
rdata,la29.fjs,SPT,1327,0.1,20,10,200
rdata,la30.fjs,SPT,1448,0.1,20,10,200
rdata,la31.fjs,SPT,1797,0.2,30,10,300
rdata,la32.fjs,SPT,2261,0.3,30,10,300
rdata,la33.fjs,SPT,2047,0.2,30,10,300
rdata,la34.fjs,SPT,1815,0.2,30,10,300
rdata,la35.fjs,SPT,1838,0.2,30,10,300
rdata,la36.fjs,SPT,1319,0.6,15,15,225
rdata,la37.fjs,SPT,1334,0.5,15,15,225
rdata,la38.fjs,SPT,1331,0.5,15,15,225
rdata,la39.fjs,SPT,1297,0.4,15,15,225
rdata,la40.fjs,SPT,1159,0.4,15,15,225
rdata,mt06.fjs,SPT,50,0.0,6,6,36
rdata,mt10.fjs,SPT,905,0.1,10,10,100
rdata,mt20.fjs,SPT,1232,0.0,20,5,100
rdata,orb1.fjs,SPT,937,0.1,10,10,100
rdata,orb10.fjs,SPT,941,0.1,10,10,100
rdata,orb2.fjs,SPT,826,0.1,10,10,100
rdata,orb3.fjs,SPT,944,0.1,10,10,100
rdata,orb4.fjs,SPT,990,0.1,10,10,100
rdata,orb5.fjs,SPT,896,0.1,10,10,100
rdata,orb6.fjs,SPT,954,0.1,10,10,100
rdata,orb7.fjs,SPT,-1,0.0,10,10,100
rdata,orb8.fjs,SPT,777,0.1,10,10,100
rdata,orb9.fjs,SPT,915,0.1,10,10,100
vdata,abz5.fjs,SPT,952,0.0,10,10,100
vdata,abz6.fjs,SPT,862,0.0,10,10,100
vdata,abz7.fjs,SPT,579,0.1,20,15,300
vdata,abz8.fjs,SPT,603,0.1,20,15,300
vdata,abz9.fjs,SPT,593,0.1,20,15,300
vdata,car1.fjs,SPT,6985,0.1,11,5,55
vdata,car2.fjs,SPT,8198,0.1,13,4,52
vdata,car3.fjs,SPT,6342,0.0,12,5,60
vdata,car4.fjs,SPT,7383,0.0,14,4,56
vdata,car5.fjs,SPT,5870,0.1,10,6,60
vdata,car6.fjs,SPT,6254,0.2,8,9,72
vdata,car7.fjs,SPT,4959,0.1,7,7,49
vdata,car8.fjs,SPT,5412,0.1,8,8,64
vdata,la01.fjs,SPT,625,0.0,10,5,50
vdata,la02.fjs,SPT,687,0.0,10,5,50
vdata,la03.fjs,SPT,564,0.0,10,5,50
vdata,la04.fjs,SPT,613,0.0,10,5,50
vdata,la05.fjs,SPT,686,0.0,10,5,50
vdata,la06.fjs,SPT,1100,0.0,15,5,75
vdata,la07.fjs,SPT,942,0.0,15,5,75
vdata,la08.fjs,SPT,898,0.0,15,5,75
vdata,la09.fjs,SPT,933,0.0,15,5,75
vdata,la10.fjs,SPT,913,0.0,15,5,75
vdata,la11.fjs,SPT,1181,0.0,20,5,100
vdata,la12.fjs,SPT,1007,0.0,20,5,100
vdata,la13.fjs,SPT,1167,0.0,20,5,100
vdata,la14.fjs,SPT,1313,0.0,20,5,100
vdata,la15.fjs,SPT,1138,0.0,20,5,100
vdata,la16.fjs,SPT,751,0.0,10,10,100
vdata,la17.fjs,SPT,704,0.0,10,10,100
vdata,la18.fjs,SPT,667,0.0,10,10,100
vdata,la19.fjs,SPT,650,0.0,10,10,100
vdata,la20.fjs,SPT,811,0.0,10,10,100
vdata,la21.fjs,SPT,986,0.1,15,10,150
vdata,la22.fjs,SPT,848,0.0,15,10,150
vdata,la23.fjs,SPT,989,0.0,15,10,150
vdata,la24.fjs,SPT,1086,0.1,15,10,150
vdata,la25.fjs,SPT,1013,0.0,15,10,150
vdata,la26.fjs,SPT,1214,0.1,20,10,200
vdata,la27.fjs,SPT,1384,0.1,20,10,200
vdata,la28.fjs,SPT,1393,0.1,20,10,200
vdata,la29.fjs,SPT,1435,0.1,20,10,200
vdata,la30.fjs,SPT,1448,0.1,20,10,200
vdata,la31.fjs,SPT,1845,0.2,30,10,300
vdata,la32.fjs,SPT,2106,0.2,30,10,300
vdata,la33.fjs,SPT,1614,0.1,30,10,300
vdata,la34.fjs,SPT,1682,0.1,30,10,300
vdata,la35.fjs,SPT,1764,0.1,30,10,300
vdata,la36.fjs,SPT,978,0.2,15,15,225
vdata,la37.fjs,SPT,1053,0.2,15,15,225
vdata,la38.fjs,SPT,962,0.2,15,15,225
vdata,la39.fjs,SPT,1008,0.2,15,15,225
vdata,la40.fjs,SPT,1013,0.2,15,15,225
vdata,mt06.fjs,SPT,54,0.0,6,6,36
vdata,mt10.fjs,SPT,666,0.0,10,10,100
vdata,mt20.fjs,SPT,1237,0.0,20,5,100
vdata,orb1.fjs,SPT,749,0.0,10,10,100
vdata,orb10.fjs,SPT,752,0.0,10,10,100
vdata,orb2.fjs,SPT,735,0.0,10,10,100
vdata,orb3.fjs,SPT,770,0.0,10,10,100
vdata,orb4.fjs,SPT,838,0.0,10,10,100
vdata,orb5.fjs,SPT,606,0.0,10,10,100
vdata,orb6.fjs,SPT,753,0.0,10,10,100
vdata,orb7.fjs,SPT,-1,0.0,10,10,100
vdata,orb8.fjs,SPT,644,0.0,10,10,100
vdata,orb9.fjs,SPT,764,0.0,10,10,100
edata,abz5.fjs,MOR,1338,0.1,10,10,100
edata,abz6.fjs,MOR,1097,0.1,10,10,100
edata,abz7.fjs,MOR,704,0.5,20,15,300
edata,abz8.fjs,MOR,795,0.5,20,15,300
edata,abz9.fjs,MOR,835,0.6,20,15,300
edata,car1.fjs,MOR,8033,0.1,11,5,55
edata,car2.fjs,MOR,7819,0.1,13,4,52
edata,car3.fjs,MOR,9756,0.2,12,5,60
edata,car4.fjs,MOR,9604,0.1,14,4,56
edata,car5.fjs,MOR,9206,0.2,10,6,60
edata,car6.fjs,MOR,10152,0.7,8,9,72
edata,car7.fjs,MOR,7690,0.2,7,7,49
edata,car8.fjs,MOR,9156,0.4,8,8,64
edata,la01.fjs,MOR,778,0.0,10,5,50
edata,la02.fjs,MOR,775,0.0,10,5,50
edata,la03.fjs,MOR,648,0.0,10,5,50
edata,la04.fjs,MOR,673,0.0,10,5,50
edata,la05.fjs,MOR,530,0.0,10,5,50
edata,la06.fjs,MOR,968,0.0,15,5,75
edata,la07.fjs,MOR,908,0.0,15,5,75
edata,la08.fjs,MOR,961,0.0,15,5,75
edata,la09.fjs,MOR,1005,0.0,15,5,75
edata,la10.fjs,MOR,929,0.0,15,5,75
edata,la11.fjs,MOR,1252,0.0,20,5,100
edata,la12.fjs,MOR,1013,0.0,20,5,100
edata,la13.fjs,MOR,1127,0.0,20,5,100
edata,la14.fjs,MOR,1163,0.0,20,5,100
edata,la15.fjs,MOR,1366,0.0,20,5,100
edata,la16.fjs,MOR,1143,0.1,10,10,100
edata,la17.fjs,MOR,794,0.1,10,10,100
edata,la18.fjs,MOR,949,0.1,10,10,100
edata,la19.fjs,MOR,1065,0.1,10,10,100
edata,la20.fjs,MOR,1172,0.1,10,10,100
edata,la21.fjs,MOR,1274,0.1,15,10,150
edata,la22.fjs,MOR,1098,0.2,15,10,150
edata,la23.fjs,MOR,1129,0.1,15,10,150
edata,la24.fjs,MOR,1089,0.1,15,10,150
edata,la25.fjs,MOR,1097,0.1,15,10,150
edata,la26.fjs,MOR,1276,0.2,20,10,200
edata,la27.fjs,MOR,1455,0.2,20,10,200
edata,la28.fjs,MOR,1460,0.2,20,10,200
edata,la29.fjs,MOR,1305,0.2,20,10,200
edata,la30.fjs,MOR,1425,0.2,20,10,200
edata,la31.fjs,MOR,1741,0.3,30,10,300
edata,la32.fjs,MOR,1886,0.3,30,10,300
edata,la33.fjs,MOR,1723,0.2,30,10,300
edata,la34.fjs,MOR,1833,0.3,30,10,300
edata,la35.fjs,MOR,1989,0.4,30,10,300
edata,la36.fjs,MOR,1444,0.6,15,15,225
edata,la37.fjs,MOR,1623,0.8,15,15,225
edata,la38.fjs,MOR,1414,0.7,15,15,225
edata,la39.fjs,MOR,1366,0.7,15,15,225
edata,la40.fjs,MOR,1420,0.7,15,15,225
edata,mt06.fjs,MOR,55,0.0,6,6,36
edata,mt10.fjs,MOR,1049,0.1,10,10,100
edata,mt20.fjs,MOR,1537,0.1,20,5,100
edata,orb1.fjs,MOR,1270,0.2,10,10,100
edata,orb10.fjs,MOR,1321,0.1,10,10,100
edata,orb2.fjs,MOR,1057,0.1,10,10,100
edata,orb3.fjs,MOR,1400,0.2,10,10,100
edata,orb4.fjs,MOR,1319,0.1,10,10,100
edata,orb5.fjs,MOR,1168,0.1,10,10,100
edata,orb6.fjs,MOR,1202,0.1,10,10,100
edata,orb7.fjs,MOR,-1,0.0,10,10,100
edata,orb8.fjs,MOR,1239,0.2,10,10,100
edata,orb9.fjs,MOR,1128,0.1,10,10,100
rdata,abz5.fjs,MOR,1116,0.1,10,10,100
rdata,abz6.fjs,MOR,914,0.1,10,10,100
rdata,abz7.fjs,MOR,614,0.3,20,15,300
rdata,abz8.fjs,MOR,645,0.4,20,15,300
rdata,abz9.fjs,MOR,678,0.3,20,15,300
rdata,car1.fjs,MOR,6297,0.0,11,5,55
rdata,car2.fjs,MOR,7583,0.0,13,4,52
rdata,car3.fjs,MOR,6674,0.1,12,5,60
rdata,car4.fjs,MOR,8329,0.0,14,4,56
rdata,car5.fjs,MOR,6843,0.1,10,6,60
rdata,car6.fjs,MOR,7005,0.4,8,9,72
rdata,car7.fjs,MOR,5280,0.1,7,7,49
rdata,car8.fjs,MOR,7593,0.3,8,8,64
rdata,la01.fjs,MOR,638,0.0,10,5,50
rdata,la02.fjs,MOR,611,0.0,10,5,50
rdata,la03.fjs,MOR,504,0.0,10,5,50
rdata,la04.fjs,MOR,578,0.0,10,5,50
rdata,la05.fjs,MOR,506,0.0,10,5,50
rdata,la06.fjs,MOR,856,0.0,15,5,75
rdata,la07.fjs,MOR,816,0.0,15,5,75
rdata,la08.fjs,MOR,867,0.0,15,5,75
rdata,la09.fjs,MOR,895,0.0,15,5,75
rdata,la10.fjs,MOR,845,0.0,15,5,75
rdata,la11.fjs,MOR,1117,0.0,20,5,100
rdata,la12.fjs,MOR,955,0.0,20,5,100
rdata,la13.fjs,MOR,1114,0.0,20,5,100
rdata,la14.fjs,MOR,1190,0.0,20,5,100
rdata,la15.fjs,MOR,1233,0.0,20,5,100
rdata,la16.fjs,MOR,907,0.1,10,10,100
rdata,la17.fjs,MOR,794,0.1,10,10,100
rdata,la18.fjs,MOR,751,0.0,10,10,100
rdata,la19.fjs,MOR,824,0.1,10,10,100
rdata,la20.fjs,MOR,1006,0.1,10,10,100
rdata,la21.fjs,MOR,1000,0.1,15,10,150
rdata,la22.fjs,MOR,993,0.1,15,10,150
rdata,la23.fjs,MOR,976,0.1,15,10,150
rdata,la24.fjs,MOR,969,0.1,15,10,150
rdata,la25.fjs,MOR,964,0.1,15,10,150
rdata,la26.fjs,MOR,1167,0.1,20,10,200
rdata,la27.fjs,MOR,1247,0.1,20,10,200
rdata,la28.fjs,MOR,1211,0.1,20,10,200
rdata,la29.fjs,MOR,1147,0.1,20,10,200
rdata,la30.fjs,MOR,1193,0.1,20,10,200
rdata,la31.fjs,MOR,1578,0.1,30,10,300
rdata,la32.fjs,MOR,1807,0.1,30,10,300
rdata,la33.fjs,MOR,1547,0.1,30,10,300
rdata,la34.fjs,MOR,1622,0.1,30,10,300
rdata,la35.fjs,MOR,1725,0.2,30,10,300
rdata,la36.fjs,MOR,1240,0.4,15,15,225
rdata,la37.fjs,MOR,1264,0.5,15,15,225
rdata,la38.fjs,MOR,1164,0.4,15,15,225
rdata,la39.fjs,MOR,1341,0.5,15,15,225
rdata,la40.fjs,MOR,1164,0.4,15,15,225
rdata,mt06.fjs,MOR,52,0.0,6,6,36
rdata,mt10.fjs,MOR,786,0.1,10,10,100
rdata,mt20.fjs,MOR,1226,0.0,20,5,100
rdata,orb1.fjs,MOR,928,0.1,10,10,100
rdata,orb10.fjs,MOR,1030,0.1,10,10,100
rdata,orb2.fjs,MOR,913,0.1,10,10,100
rdata,orb3.fjs,MOR,880,0.1,10,10,100
rdata,orb4.fjs,MOR,973,0.1,10,10,100
rdata,orb5.fjs,MOR,849,0.1,10,10,100
rdata,orb6.fjs,MOR,1031,0.1,10,10,100
rdata,orb7.fjs,MOR,-1,0.0,10,10,100
rdata,orb8.fjs,MOR,950,0.1,10,10,100
rdata,orb9.fjs,MOR,861,0.1,10,10,100
vdata,abz5.fjs,MOR,919,0.0,10,10,100
vdata,abz6.fjs,MOR,761,0.0,10,10,100
vdata,abz7.fjs,MOR,514,0.1,20,15,300
vdata,abz8.fjs,MOR,538,0.1,20,15,300
vdata,abz9.fjs,MOR,530,0.1,20,15,300
vdata,car1.fjs,MOR,5715,0.0,11,5,55
vdata,car2.fjs,MOR,6227,0.0,13,4,52
vdata,car3.fjs,MOR,6855,0.0,12,5,60
vdata,car4.fjs,MOR,7642,0.0,14,4,56
vdata,car5.fjs,MOR,6076,0.1,10,6,60
vdata,car6.fjs,MOR,6514,0.3,8,9,72
vdata,car7.fjs,MOR,5376,0.1,7,7,49
vdata,car8.fjs,MOR,5405,0.1,8,8,64
vdata,la01.fjs,MOR,618,0.0,10,5,50
vdata,la02.fjs,MOR,576,0.0,10,5,50
vdata,la03.fjs,MOR,527,0.0,10,5,50
vdata,la04.fjs,MOR,579,0.0,10,5,50
vdata,la05.fjs,MOR,486,0.0,10,5,50
vdata,la06.fjs,MOR,829,0.0,15,5,75
vdata,la07.fjs,MOR,772,0.0,15,5,75
vdata,la08.fjs,MOR,791,0.0,15,5,75
vdata,la09.fjs,MOR,897,0.0,15,5,75
vdata,la10.fjs,MOR,891,0.0,15,5,75
vdata,la11.fjs,MOR,1114,0.0,20,5,100
vdata,la12.fjs,MOR,984,0.0,20,5,100
vdata,la13.fjs,MOR,1065,0.0,20,5,100
vdata,la14.fjs,MOR,1170,0.0,20,5,100
vdata,la15.fjs,MOR,1155,0.0,20,5,100
vdata,la16.fjs,MOR,817,0.0,10,10,100
vdata,la17.fjs,MOR,684,0.0,10,10,100
vdata,la18.fjs,MOR,677,0.0,10,10,100
vdata,la19.fjs,MOR,662,0.0,10,10,100
vdata,la20.fjs,MOR,772,0.0,10,10,100
vdata,la21.fjs,MOR,867,0.0,15,10,150
vdata,la22.fjs,MOR,783,0.0,15,10,150
vdata,la23.fjs,MOR,863,0.0,15,10,150
vdata,la24.fjs,MOR,853,0.0,15,10,150
vdata,la25.fjs,MOR,832,0.0,15,10,150
vdata,la26.fjs,MOR,1123,0.1,20,10,200
vdata,la27.fjs,MOR,1141,0.1,20,10,200
vdata,la28.fjs,MOR,1098,0.0,20,10,200
vdata,la29.fjs,MOR,1042,0.1,20,10,200
vdata,la30.fjs,MOR,1103,0.1,20,10,200
vdata,la31.fjs,MOR,1582,0.1,30,10,300
vdata,la32.fjs,MOR,1747,0.1,30,10,300
vdata,la33.fjs,MOR,1543,0.1,30,10,300
vdata,la34.fjs,MOR,1558,0.1,30,10,300
vdata,la35.fjs,MOR,1604,0.1,30,10,300
vdata,la36.fjs,MOR,997,0.2,15,15,225
vdata,la37.fjs,MOR,1068,0.2,15,15,225
vdata,la38.fjs,MOR,968,0.2,15,15,225
vdata,la39.fjs,MOR,955,0.2,15,15,225
vdata,la40.fjs,MOR,974,0.2,15,15,225
vdata,mt06.fjs,MOR,47,0.0,6,6,36
vdata,mt10.fjs,MOR,670,0.0,10,10,100
vdata,mt20.fjs,MOR,1052,0.0,20,5,100
vdata,orb1.fjs,MOR,776,0.0,10,10,100
vdata,orb10.fjs,MOR,709,0.0,10,10,100
vdata,orb2.fjs,MOR,689,0.0,10,10,100
vdata,orb3.fjs,MOR,727,0.0,10,10,100
vdata,orb4.fjs,MOR,767,0.0,10,10,100
vdata,orb5.fjs,MOR,606,0.0,10,10,100
vdata,orb6.fjs,MOR,765,0.0,10,10,100
vdata,orb7.fjs,MOR,-1,0.0,10,10,100
vdata,orb8.fjs,MOR,638,0.0,10,10,100
vdata,orb9.fjs,MOR,675,0.0,10,10,100
edata,abz5.fjs,MWR,1288,0.1,10,10,100
edata,abz6.fjs,MWR,980,0.1,10,10,100
edata,abz7.fjs,MWR,743,0.5,20,15,300
edata,abz8.fjs,MWR,732,0.5,20,15,300
edata,abz9.fjs,MWR,801,0.6,20,15,300
edata,car1.fjs,MWR,7897,0.2,11,5,55
edata,car2.fjs,MWR,8547,0.1,13,4,52
edata,car3.fjs,MWR,8898,0.2,12,5,60
edata,car4.fjs,MWR,9446,0.1,14,4,56
edata,car5.fjs,MWR,7952,0.2,10,6,60
edata,car6.fjs,MWR,10047,0.6,8,9,72
edata,car7.fjs,MWR,7352,0.2,7,7,49
edata,car8.fjs,MWR,9389,0.4,8,8,64
edata,la01.fjs,MWR,756,0.0,10,5,50
edata,la02.fjs,MWR,767,0.0,10,5,50
edata,la03.fjs,MWR,657,0.0,10,5,50
edata,la04.fjs,MWR,719,0.0,10,5,50
edata,la05.fjs,MWR,568,0.0,10,5,50
edata,la06.fjs,MWR,968,0.0,15,5,75
edata,la07.fjs,MWR,968,0.0,15,5,75
edata,la08.fjs,MWR,906,0.0,15,5,75
edata,la09.fjs,MWR,1035,0.0,15,5,75
edata,la10.fjs,MWR,937,0.0,15,5,75
edata,la11.fjs,MWR,1212,0.0,20,5,100
edata,la12.fjs,MWR,1059,0.0,20,5,100
edata,la13.fjs,MWR,1236,0.0,20,5,100
edata,la14.fjs,MWR,1167,0.0,20,5,100
edata,la15.fjs,MWR,1285,0.0,20,5,100
edata,la16.fjs,MWR,1015,0.1,10,10,100
edata,la17.fjs,MWR,781,0.1,10,10,100
edata,la18.fjs,MWR,921,0.1,10,10,100
edata,la19.fjs,MWR,950,0.1,10,10,100
edata,la20.fjs,MWR,991,0.1,10,10,100
edata,la21.fjs,MWR,1209,0.2,15,10,150
edata,la22.fjs,MWR,1068,0.1,15,10,150
edata,la23.fjs,MWR,1125,0.1,15,10,150
edata,la24.fjs,MWR,1120,0.1,15,10,150
edata,la25.fjs,MWR,1127,0.1,15,10,150
edata,la26.fjs,MWR,1322,0.2,20,10,200
edata,la27.fjs,MWR,1440,0.2,20,10,200
edata,la28.fjs,MWR,1410,0.2,20,10,200
edata,la29.fjs,MWR,1389,0.2,20,10,200
edata,la30.fjs,MWR,1481,0.2,20,10,200
edata,la31.fjs,MWR,1848,0.4,30,10,300
edata,la32.fjs,MWR,1920,0.2,30,10,300
edata,la33.fjs,MWR,1767,0.3,30,10,300
edata,la34.fjs,MWR,1890,0.4,30,10,300
edata,la35.fjs,MWR,1995,0.5,30,10,300
edata,la36.fjs,MWR,1333,0.7,15,15,225
edata,la37.fjs,MWR,1551,0.8,15,15,225
edata,la38.fjs,MWR,1324,0.7,15,15,225
edata,la39.fjs,MWR,1452,0.8,15,15,225
edata,la40.fjs,MWR,1379,0.6,15,15,225
edata,mt06.fjs,MWR,61,0.0,6,6,36
edata,mt10.fjs,MWR,985,0.1,10,10,100
edata,mt20.fjs,MWR,1454,0.0,20,5,100
edata,orb1.fjs,MWR,1190,0.1,10,10,100
edata,orb10.fjs,MWR,1124,0.1,10,10,100
edata,orb2.fjs,MWR,1022,0.1,10,10,100
edata,orb3.fjs,MWR,1216,0.1,10,10,100
edata,orb4.fjs,MWR,1236,0.1,10,10,100
edata,orb5.fjs,MWR,1041,0.1,10,10,100
edata,orb6.fjs,MWR,1247,0.1,10,10,100
edata,orb7.fjs,MWR,-1,0.0,10,10,100
edata,orb8.fjs,MWR,1107,0.1,10,10,100
edata,orb9.fjs,MWR,1176,0.1,10,10,100
rdata,abz5.fjs,MWR,1148,0.1,10,10,100
rdata,abz6.fjs,MWR,888,0.1,10,10,100
rdata,abz7.fjs,MWR,611,0.3,20,15,300
rdata,abz8.fjs,MWR,617,0.3,20,15,300
rdata,abz9.fjs,MWR,677,0.3,20,15,300
rdata,car1.fjs,MWR,6259,0.1,11,5,55
rdata,car2.fjs,MWR,7749,0.1,13,4,52
rdata,car3.fjs,MWR,6815,0.1,12,5,60
rdata,car4.fjs,MWR,7960,0.1,14,4,56
rdata,car5.fjs,MWR,6498,0.1,10,6,60
rdata,car6.fjs,MWR,7863,0.4,8,9,72
rdata,car7.fjs,MWR,5702,0.1,7,7,49
rdata,car8.fjs,MWR,6783,0.2,8,8,64
rdata,la01.fjs,MWR,601,0.0,10,5,50
rdata,la02.fjs,MWR,601,0.0,10,5,50
rdata,la03.fjs,MWR,532,0.0,10,5,50
rdata,la04.fjs,MWR,547,0.0,10,5,50
rdata,la05.fjs,MWR,520,0.0,10,5,50
rdata,la06.fjs,MWR,879,0.0,15,5,75
rdata,la07.fjs,MWR,796,0.0,15,5,75
rdata,la08.fjs,MWR,830,0.0,15,5,75
rdata,la09.fjs,MWR,926,0.0,15,5,75
rdata,la10.fjs,MWR,855,0.0,15,5,75
rdata,la11.fjs,MWR,1086,0.0,20,5,100
rdata,la12.fjs,MWR,949,0.0,20,5,100
rdata,la13.fjs,MWR,1060,0.0,20,5,100
rdata,la14.fjs,MWR,1117,0.0,20,5,100
rdata,la15.fjs,MWR,1157,0.0,20,5,100
rdata,la16.fjs,MWR,854,0.1,10,10,100
rdata,la17.fjs,MWR,755,0.1,10,10,100
rdata,la18.fjs,MWR,780,0.1,10,10,100
rdata,la19.fjs,MWR,918,0.1,10,10,100
rdata,la20.fjs,MWR,932,0.1,10,10,100
rdata,la21.fjs,MWR,994,0.1,15,10,150
rdata,la22.fjs,MWR,899,0.1,15,10,150
rdata,la23.fjs,MWR,1009,0.1,15,10,150
rdata,la24.fjs,MWR,988,0.1,15,10,150
rdata,la25.fjs,MWR,974,0.1,15,10,150
rdata,la26.fjs,MWR,1203,0.1,20,10,200
rdata,la27.fjs,MWR,1231,0.1,20,10,200
rdata,la28.fjs,MWR,1204,0.1,20,10,200
rdata,la29.fjs,MWR,1096,0.1,20,10,200
rdata,la30.fjs,MWR,1241,0.1,20,10,200
rdata,la31.fjs,MWR,1644,0.1,30,10,300
rdata,la32.fjs,MWR,1716,0.1,30,10,300
rdata,la33.fjs,MWR,1594,0.2,30,10,300
rdata,la34.fjs,MWR,1605,0.1,30,10,300
rdata,la35.fjs,MWR,1686,0.1,30,10,300
rdata,la36.fjs,MWR,1216,0.5,15,15,225
rdata,la37.fjs,MWR,1309,0.5,15,15,225
rdata,la38.fjs,MWR,1141,0.5,15,15,225
rdata,la39.fjs,MWR,1150,0.4,15,15,225
rdata,la40.fjs,MWR,1148,0.7,15,15,225
rdata,mt06.fjs,MWR,51,0.0,6,6,36
rdata,mt10.fjs,MWR,771,0.1,10,10,100
rdata,mt20.fjs,MWR,1175,0.0,20,5,100
rdata,orb1.fjs,MWR,956,0.1,10,10,100
rdata,orb10.fjs,MWR,926,0.1,10,10,100
rdata,orb2.fjs,MWR,791,0.1,10,10,100
rdata,orb3.fjs,MWR,918,0.1,10,10,100
rdata,orb4.fjs,MWR,957,0.1,10,10,100
rdata,orb5.fjs,MWR,892,0.1,10,10,100
rdata,orb6.fjs,MWR,909,0.1,10,10,100
rdata,orb7.fjs,MWR,-1,0.0,10,10,100
rdata,orb8.fjs,MWR,792,0.1,10,10,100
rdata,orb9.fjs,MWR,921,0.1,10,10,100
vdata,abz5.fjs,MWR,887,0.0,10,10,100
vdata,abz6.fjs,MWR,769,0.0,10,10,100
vdata,abz7.fjs,MWR,507,0.1,20,15,300
vdata,abz8.fjs,MWR,520,0.1,20,15,300
vdata,abz9.fjs,MWR,508,0.1,20,15,300
vdata,car1.fjs,MWR,5169,0.0,11,5,55
vdata,car2.fjs,MWR,6204,0.0,13,4,52
vdata,car3.fjs,MWR,5875,0.0,12,5,60
vdata,car4.fjs,MWR,7605,0.0,14,4,56
vdata,car5.fjs,MWR,5259,0.0,10,6,60
vdata,car6.fjs,MWR,5553,0.1,8,9,72
vdata,car7.fjs,MWR,5399,0.1,7,7,49
vdata,car8.fjs,MWR,4956,0.1,8,8,64
vdata,la01.fjs,MWR,627,0.0,10,5,50
vdata,la02.fjs,MWR,571,0.0,10,5,50
vdata,la03.fjs,MWR,535,0.0,10,5,50
vdata,la04.fjs,MWR,548,0.0,10,5,50
vdata,la05.fjs,MWR,477,0.0,10,5,50
vdata,la06.fjs,MWR,823,0.0,15,5,75
vdata,la07.fjs,MWR,780,0.0,15,5,75
vdata,la08.fjs,MWR,815,0.0,15,5,75
vdata,la09.fjs,MWR,874,0.0,15,5,75
vdata,la10.fjs,MWR,812,0.0,15,5,75
vdata,la11.fjs,MWR,1102,0.0,20,5,100
vdata,la12.fjs,MWR,950,0.0,20,5,100
vdata,la13.fjs,MWR,1049,0.0,20,5,100
vdata,la14.fjs,MWR,1086,0.0,20,5,100
vdata,la15.fjs,MWR,1100,0.0,20,5,100
vdata,la16.fjs,MWR,739,0.0,10,10,100
vdata,la17.fjs,MWR,689,0.0,10,10,100
vdata,la18.fjs,MWR,669,0.0,10,10,100
vdata,la19.fjs,MWR,645,0.0,10,10,100
vdata,la20.fjs,MWR,784,0.0,10,10,100
vdata,la21.fjs,MWR,832,0.0,15,10,150
vdata,la22.fjs,MWR,783,0.0,15,10,150
vdata,la23.fjs,MWR,855,0.0,15,10,150
vdata,la24.fjs,MWR,795,0.0,15,10,150
vdata,la25.fjs,MWR,776,0.0,15,10,150
vdata,la26.fjs,MWR,1069,0.0,20,10,200
vdata,la27.fjs,MWR,1116,0.1,20,10,200
vdata,la28.fjs,MWR,1085,0.1,20,10,200
vdata,la29.fjs,MWR,1043,0.1,20,10,200
vdata,la30.fjs,MWR,1094,0.1,20,10,200
vdata,la31.fjs,MWR,1530,0.1,30,10,300
vdata,la32.fjs,MWR,1675,0.1,30,10,300
vdata,la33.fjs,MWR,1516,0.1,30,10,300
vdata,la34.fjs,MWR,1558,0.1,30,10,300
vdata,la35.fjs,MWR,1561,0.1,30,10,300
vdata,la36.fjs,MWR,967,0.2,15,15,225
vdata,la37.fjs,MWR,1042,0.2,15,15,225
vdata,la38.fjs,MWR,966,0.2,15,15,225
vdata,la39.fjs,MWR,974,0.2,15,15,225
vdata,la40.fjs,MWR,972,0.2,15,15,225
vdata,mt06.fjs,MWR,47,0.0,6,6,36
vdata,mt10.fjs,MWR,665,0.0,10,10,100
vdata,mt20.fjs,MWR,1081,0.0,20,5,100
vdata,orb1.fjs,MWR,766,0.0,10,10,100
vdata,orb10.fjs,MWR,721,0.0,10,10,100
vdata,orb2.fjs,MWR,679,0.0,10,10,100
vdata,orb3.fjs,MWR,737,0.0,10,10,100
vdata,orb4.fjs,MWR,764,0.0,10,10,100
vdata,orb5.fjs,MWR,610,0.0,10,10,100
vdata,orb6.fjs,MWR,732,0.0,10,10,100
vdata,orb7.fjs,MWR,-1,0.0,10,10,100
vdata,orb8.fjs,MWR,626,0.0,10,10,100
vdata,orb9.fjs,MWR,687,0.0,10,10,100
edata,abz5.fjs,DRL-Greedy,1310,0.5112800002098083,10,10,100
edata,abz6.fjs,DRL-Greedy,1131,0.4667062759399414,10,10,100
edata,abz7.fjs,DRL-Greedy,731,1.401311278343201,20,15,300
edata,abz8.fjs,DRL-Greedy,737,1.392169117927551,20,15,300
edata,abz9.fjs,DRL-Greedy,760,1.394608497619629,20,15,300
edata,car1.fjs,DRL-Greedy,7402,0.2560375034809113,11,5,55
edata,car2.fjs,DRL-Greedy,8188,0.2425022423267365,13,4,52
edata,car3.fjs,DRL-Greedy,8690,0.2784844040870667,12,5,60
edata,car4.fjs,DRL-Greedy,9593,0.2609719634056091,14,4,56
edata,car5.fjs,DRL-Greedy,8849,0.2795752584934235,10,6,60
edata,car6.fjs,DRL-Greedy,10045,0.3356868922710419,8,9,72
edata,car7.fjs,DRL-Greedy,7124,0.2284862995147705,7,7,49
edata,car8.fjs,DRL-Greedy,9017,0.297763854265213,8,8,64
edata,la01.fjs,DRL-Greedy,688,0.2325588464736938,10,5,50
edata,la02.fjs,DRL-Greedy,789,0.2328573763370514,10,5,50
edata,la03.fjs,DRL-Greedy,645,0.2306246310472488,10,5,50
edata,la04.fjs,DRL-Greedy,728,0.2296975404024124,10,5,50
edata,la05.fjs,DRL-Greedy,543,0.2309067100286484,10,5,50
edata,la06.fjs,DRL-Greedy,847,0.3479947745800018,15,5,75
edata,la07.fjs,DRL-Greedy,943,0.3496025800704956,15,5,75
edata,la08.fjs,DRL-Greedy,927,0.3474067747592926,15,5,75
edata,la09.fjs,DRL-Greedy,934,0.3475950062274933,15,5,75
edata,la10.fjs,DRL-Greedy,897,0.3491252958774567,15,5,75
edata,la11.fjs,DRL-Greedy,1205,0.4641394317150116,20,5,100
edata,la12.fjs,DRL-Greedy,1086,0.4635133743286133,20,5,100
edata,la13.fjs,DRL-Greedy,1158,0.4653571248054504,20,5,100
edata,la14.fjs,DRL-Greedy,1163,0.4642601013183594,20,5,100
edata,la15.fjs,DRL-Greedy,1367,0.4674148559570312,20,5,100
edata,la16.fjs,DRL-Greedy,1129,0.4619729220867157,10,10,100
edata,la17.fjs,DRL-Greedy,786,0.4629388749599457,10,10,100
edata,la18.fjs,DRL-Greedy,972,0.4647788107395172,10,10,100
edata,la19.fjs,DRL-Greedy,1009,0.4646119177341461,10,10,100
edata,la20.fjs,DRL-Greedy,949,0.4624433219432831,10,10,100
edata,la21.fjs,DRL-Greedy,1164,0.7142460346221924,15,10,150
edata,la22.fjs,DRL-Greedy,1054,0.7132889628410339,15,10,150
edata,la23.fjs,DRL-Greedy,1137,0.7116109132766724,15,10,150
edata,la24.fjs,DRL-Greedy,1084,0.7092982530593872,15,10,150
edata,la25.fjs,DRL-Greedy,1138,0.7087501883506775,15,10,150
edata,la26.fjs,DRL-Greedy,1315,0.9464921951293945,20,10,200
edata,la27.fjs,DRL-Greedy,1413,0.9502353668212891,20,10,200
edata,la28.fjs,DRL-Greedy,1400,0.9419471025466919,20,10,200
edata,la29.fjs,DRL-Greedy,1405,0.9453285336494446,20,10,200
edata,la30.fjs,DRL-Greedy,1464,0.9484028220176697,20,10,200
edata,la31.fjs,DRL-Greedy,1897,1.42371678352356,30,10,300
edata,la32.fjs,DRL-Greedy,1883,1.418541312217712,30,10,300
edata,la33.fjs,DRL-Greedy,1741,1.422501444816589,30,10,300
edata,la34.fjs,DRL-Greedy,1774,1.420042872428894,30,10,300
edata,la35.fjs,DRL-Greedy,2031,1.421946167945862,30,10,300
edata,la36.fjs,DRL-Greedy,1355,1.062746524810791,15,15,225
edata,la37.fjs,DRL-Greedy,1530,1.059605240821838,15,15,225
edata,la38.fjs,DRL-Greedy,1400,1.067473292350769,15,15,225
edata,la39.fjs,DRL-Greedy,1339,1.066004633903503,15,15,225
edata,la40.fjs,DRL-Greedy,1294,1.064160585403442,15,15,225
edata,mt06.fjs,DRL-Greedy,55,0.1634601205587387,6,6,36
edata,mt10.fjs,DRL-Greedy,1095,0.4657287299633026,10,10,100
edata,mt20.fjs,DRL-Greedy,1544,0.4679103493690491,20,5,100
edata,orb1.fjs,DRL-Greedy,1147,0.4633835852146149,10,10,100
edata,orb10.fjs,DRL-Greedy,1107,0.4648712277412415,10,10,100
edata,orb2.fjs,DRL-Greedy,1027,0.4647692739963531,10,10,100
edata,orb3.fjs,DRL-Greedy,1178,0.464857816696167,10,10,100
edata,orb4.fjs,DRL-Greedy,1091,0.4647221565246582,10,10,100
edata,orb5.fjs,DRL-Greedy,1053,0.4652648568153381,10,10,100
edata,orb6.fjs,DRL-Greedy,1213,0.4633707702159882,10,10,100
edata,orb7.fjs,DRL-Greedy,445,0.4615324139595032,10,10,100
edata,orb8.fjs,DRL-Greedy,1183,0.466415137052536,10,10,100
edata,orb9.fjs,DRL-Greedy,1060,0.4644926190376282,10,10,100
edata,abz5.fjs,DRL-Sampling,1216,1.68380880355835,10,10,100
edata,abz6.fjs,DRL-Sampling,980,1.405564308166504,10,10,100
edata,abz7.fjs,DRL-Sampling,723,4.855217456817627,20,15,300
edata,abz8.fjs,DRL-Sampling,749,4.831894397735596,20,15,300
edata,abz9.fjs,DRL-Sampling,751,4.86741828918457,20,15,300
edata,car1.fjs,DRL-Sampling,6900,0.7572243213653564,11,5,55
edata,car2.fjs,DRL-Sampling,7552,0.6925098896026611,13,4,52
edata,car3.fjs,DRL-Sampling,7489,0.8220751285552979,12,5,60
edata,car4.fjs,DRL-Sampling,8759,0.749671459197998,14,4,56
edata,car5.fjs,DRL-Sampling,7429,0.8257226943969727,10,6,60
edata,car6.fjs,DRL-Sampling,8512,0.9983370304107666,8,9,72
edata,car7.fjs,DRL-Sampling,6755,0.669562816619873,7,7,49
edata,car8.fjs,DRL-Sampling,8006,0.8845984935760498,8,8,64
edata,la01.fjs,DRL-Sampling,658,0.6774370670318604,10,5,50
edata,la02.fjs,DRL-Sampling,714,0.6785147190093994,10,5,50
edata,la03.fjs,DRL-Sampling,593,0.6840236186981201,10,5,50
edata,la04.fjs,DRL-Sampling,622,0.68619704246521,10,5,50
edata,la05.fjs,DRL-Sampling,519,0.6849699020385742,10,5,50
edata,la06.fjs,DRL-Sampling,840,1.004606485366821,15,5,75
edata,la07.fjs,DRL-Sampling,846,1.010153532028198,15,5,75
edata,la08.fjs,DRL-Sampling,860,1.014858722686768,15,5,75
edata,la09.fjs,DRL-Sampling,912,1.003053903579712,15,5,75
edata,la10.fjs,DRL-Sampling,866,1.011021137237549,15,5,75
edata,la11.fjs,DRL-Sampling,1135,1.348184823989868,20,5,100
edata,la12.fjs,DRL-Sampling,980,1.340322494506836,20,5,100
edata,la13.fjs,DRL-Sampling,1092,1.332366228103638,20,5,100
edata,la14.fjs,DRL-Sampling,1148,1.339701652526855,20,5,100
edata,la15.fjs,DRL-Sampling,1237,1.344404458999634,20,5,100
edata,la16.fjs,DRL-Sampling,993,1.41634464263916,10,10,100
edata,la17.fjs,DRL-Sampling,785,1.398046970367432,10,10,100
edata,la18.fjs,DRL-Sampling,873,1.401560306549072,10,10,100
edata,la19.fjs,DRL-Sampling,870,1.402708530426025,10,10,100
edata,la20.fjs,DRL-Sampling,934,1.379844903945923,10,10,100
edata,la21.fjs,DRL-Sampling,1164,2.12790060043335,15,10,150
edata,la22.fjs,DRL-Sampling,1018,2.137328386306763,15,10,150
edata,la23.fjs,DRL-Sampling,1082,2.117233276367188,15,10,150
edata,la24.fjs,DRL-Sampling,1023,2.123130798339844,15,10,150
edata,la25.fjs,DRL-Sampling,1061,2.132895946502686,15,10,150
edata,la26.fjs,DRL-Sampling,1247,2.898598670959473,20,10,200
edata,la27.fjs,DRL-Sampling,1364,2.89092230796814,20,10,200
edata,la28.fjs,DRL-Sampling,1347,2.895076513290405,20,10,200
edata,la29.fjs,DRL-Sampling,1302,2.904715776443481,20,10,200
edata,la30.fjs,DRL-Sampling,1407,2.903791666030884,20,10,200
edata,la31.fjs,DRL-Sampling,1742,4.752255439758301,30,10,300
edata,la32.fjs,DRL-Sampling,1874,4.704879283905029,30,10,300
edata,la33.fjs,DRL-Sampling,1701,4.733543395996094,30,10,300
edata,la34.fjs,DRL-Sampling,1735,4.728187561035156,30,10,300
edata,la35.fjs,DRL-Sampling,1885,4.794770240783691,30,10,300
edata,la36.fjs,DRL-Sampling,1266,3.417729377746582,15,15,225
edata,la37.fjs,DRL-Sampling,1513,3.418723106384277,15,15,225
edata,la38.fjs,DRL-Sampling,1318,3.40490984916687,15,15,225
edata,la39.fjs,DRL-Sampling,1337,3.41079568862915,15,15,225
edata,la40.fjs,DRL-Sampling,1292,3.422426223754883,15,15,225
edata,mt06.fjs,DRL-Sampling,55,0.4898419380187988,6,6,36
edata,mt10.fjs,DRL-Sampling,984,1.408425092697144,10,10,100
edata,mt20.fjs,DRL-Sampling,1405,1.352154493331909,20,5,100
edata,orb1.fjs,DRL-Sampling,1119,1.419689416885376,10,10,100
edata,orb10.fjs,DRL-Sampling,1042,1.410366773605347,10,10,100
edata,orb2.fjs,DRL-Sampling,923,1.430005311965942,10,10,100
edata,orb3.fjs,DRL-Sampling,1123,1.405853748321533,10,10,100
edata,orb4.fjs,DRL-Sampling,1112,1.424637079238892,10,10,100
edata,orb5.fjs,DRL-Sampling,951,1.412704467773438,10,10,100
edata,orb6.fjs,DRL-Sampling,1109,1.409919738769531,10,10,100
edata,orb7.fjs,DRL-Sampling,422,1.428826332092285,10,10,100
edata,orb8.fjs,DRL-Sampling,1014,1.403497695922852,10,10,100
edata,orb9.fjs,DRL-Sampling,1044,1.424071073532104,10,10,100
rdata,abz5.fjs,DRL-Greedy,1174,0.4914171397686005,10,10,100
rdata,abz6.fjs,DRL-Greedy,856,0.4593806862831116,10,10,100
rdata,abz7.fjs,DRL-Greedy,648,1.397384881973267,20,15,300
rdata,abz8.fjs,DRL-Greedy,649,1.397778391838074,20,15,300
rdata,abz9.fjs,DRL-Greedy,628,1.392811298370361,20,15,300
rdata,car1.fjs,DRL-Greedy,5447,0.254046618938446,11,5,55
rdata,car2.fjs,DRL-Greedy,7345,0.2421533614397049,13,4,52
rdata,car3.fjs,DRL-Greedy,6283,0.2760146260261536,12,5,60
rdata,car4.fjs,DRL-Greedy,8381,0.2610121667385101,14,4,56
rdata,car5.fjs,DRL-Greedy,7680,0.2790235579013824,10,6,60
rdata,car6.fjs,DRL-Greedy,7218,0.3357245326042175,8,9,72
rdata,car7.fjs,DRL-Greedy,5122,0.2278325855731964,7,7,49
rdata,car8.fjs,DRL-Greedy,6776,0.2957843244075775,8,8,64
rdata,la01.fjs,DRL-Greedy,633,0.2310342639684677,10,5,50
rdata,la02.fjs,DRL-Greedy,559,0.2288731634616852,10,5,50
rdata,la03.fjs,DRL-Greedy,529,0.2310192137956619,10,5,50
rdata,la04.fjs,DRL-Greedy,538,0.2328943014144897,10,5,50
rdata,la05.fjs,DRL-Greedy,479,0.2303585261106491,10,5,50
rdata,la06.fjs,DRL-Greedy,831,0.346528023481369,15,5,75
rdata,la07.fjs,DRL-Greedy,779,0.3460132777690887,15,5,75
rdata,la08.fjs,DRL-Greedy,809,0.346723735332489,15,5,75
rdata,la09.fjs,DRL-Greedy,915,0.3484965562820435,15,5,75
rdata,la10.fjs,DRL-Greedy,842,0.3475463092327118,15,5,75
rdata,la11.fjs,DRL-Greedy,1109,0.4657154977321625,20,5,100
rdata,la12.fjs,DRL-Greedy,958,0.4630517959594727,20,5,100
rdata,la13.fjs,DRL-Greedy,1063,0.4645917117595673,20,5,100
rdata,la14.fjs,DRL-Greedy,1107,0.466083824634552,20,5,100
rdata,la15.fjs,DRL-Greedy,1136,0.4632183015346527,20,5,100
rdata,la16.fjs,DRL-Greedy,824,0.4639195501804352,10,10,100
rdata,la17.fjs,DRL-Greedy,725,0.463254451751709,10,10,100
rdata,la18.fjs,DRL-Greedy,743,0.4639921188354492,10,10,100
rdata,la19.fjs,DRL-Greedy,917,0.4638869762420654,10,10,100
rdata,la20.fjs,DRL-Greedy,960,0.4614293277263641,10,10,100
rdata,la21.fjs,DRL-Greedy,923,0.701394259929657,15,10,150
rdata,la22.fjs,DRL-Greedy,881,0.7057420611381531,15,10,150
rdata,la23.fjs,DRL-Greedy,966,0.7131786942481995,15,10,150
rdata,la24.fjs,DRL-Greedy,913,0.711000382900238,15,10,150
rdata,la25.fjs,DRL-Greedy,905,0.7076350450515747,15,10,150
rdata,la26.fjs,DRL-Greedy,1132,0.9410120248794556,20,10,200
rdata,la27.fjs,DRL-Greedy,1257,0.9445600509643555,20,10,200
rdata,la28.fjs,DRL-Greedy,1156,0.9402479529380798,20,10,200
rdata,la29.fjs,DRL-Greedy,1112,0.9450263977050781,20,10,200
rdata,la30.fjs,DRL-Greedy,1214,0.9387111663818359,20,10,200
rdata,la31.fjs,DRL-Greedy,1587,1.41132128238678,30,10,300
rdata,la32.fjs,DRL-Greedy,1771,1.418108701705933,30,10,300
rdata,la33.fjs,DRL-Greedy,1578,1.418045878410339,30,10,300
rdata,la34.fjs,DRL-Greedy,1615,1.414709687232971,30,10,300
rdata,la35.fjs,DRL-Greedy,1662,1.420313119888306,30,10,300
rdata,la36.fjs,DRL-Greedy,1226,1.05669116973877,15,15,225
rdata,la37.fjs,DRL-Greedy,1212,1.061461567878723,15,15,225
rdata,la38.fjs,DRL-Greedy,1113,1.057296633720398,15,15,225
rdata,la39.fjs,DRL-Greedy,1238,1.059053421020508,15,15,225
rdata,la40.fjs,DRL-Greedy,1196,1.062603235244751,15,15,225
rdata,mt06.fjs,DRL-Greedy,52,0.1621251404285431,6,6,36
rdata,mt10.fjs,DRL-Greedy,783,0.459377110004425,10,10,100
rdata,mt20.fjs,DRL-Greedy,1122,0.4656654894351959,20,5,100
rdata,orb1.fjs,DRL-Greedy,858,0.4590611159801483,10,10,100
rdata,orb10.fjs,DRL-Greedy,956,0.4623149335384369,10,10,100
rdata,orb2.fjs,DRL-Greedy,887,0.4627665579319,10,10,100
rdata,orb3.fjs,DRL-Greedy,846,0.4615728855133057,10,10,100
rdata,orb4.fjs,DRL-Greedy,849,0.463372528553009,10,10,100
rdata,orb5.fjs,DRL-Greedy,796,0.4613339602947235,10,10,100
rdata,orb6.fjs,DRL-Greedy,924,0.4635655581951141,10,10,100
rdata,orb7.fjs,DRL-Greedy,366,0.4612166881561279,10,10,100
rdata,orb8.fjs,DRL-Greedy,769,0.4652330577373505,10,10,100
rdata,orb9.fjs,DRL-Greedy,819,0.464433491230011,10,10,100
rdata,abz5.fjs,DRL-Sampling,1081,1.668503284454346,10,10,100
rdata,abz6.fjs,DRL-Sampling,852,1.397581100463867,10,10,100
rdata,abz7.fjs,DRL-Sampling,611,4.823022842407227,20,15,300
rdata,abz8.fjs,DRL-Sampling,633,4.828208923339844,20,15,300
rdata,abz9.fjs,DRL-Sampling,635,4.824400901794434,20,15,300
rdata,car1.fjs,DRL-Sampling,5412,0.7477614879608154,11,5,55
rdata,car2.fjs,DRL-Sampling,6374,0.6838638782501221,13,4,52
rdata,car3.fjs,DRL-Sampling,5801,0.8079750537872314,12,5,60
rdata,car4.fjs,DRL-Sampling,6897,0.7352471351623535,14,4,56
rdata,car5.fjs,DRL-Sampling,6203,0.8228237628936768,10,6,60
rdata,car6.fjs,DRL-Sampling,6589,1.007433891296387,8,9,72
rdata,car7.fjs,DRL-Sampling,4824,0.6749939918518066,7,7,49
rdata,car8.fjs,DRL-Sampling,6113,0.8906888961791992,8,8,64
rdata,la01.fjs,DRL-Sampling,595,0.6662049293518066,10,5,50
rdata,la02.fjs,DRL-Sampling,550,0.6654305458068848,10,5,50
rdata,la03.fjs,DRL-Sampling,495,0.6777660846710205,10,5,50
rdata,la04.fjs,DRL-Sampling,532,0.6744208335876465,10,5,50
rdata,la05.fjs,DRL-Sampling,468,0.67490553855896,10,5,50
rdata,la06.fjs,DRL-Sampling,810,0.9889895915985107,15,5,75
rdata,la07.fjs,DRL-Sampling,771,0.9841537475585938,15,5,75
rdata,la08.fjs,DRL-Sampling,784,0.9826309680938721,15,5,75
rdata,la09.fjs,DRL-Sampling,876,0.9836626052856445,15,5,75
rdata,la10.fjs,DRL-Sampling,836,0.9936039447784424,15,5,75
rdata,la11.fjs,DRL-Sampling,1087,1.297239303588867,20,5,100
rdata,la12.fjs,DRL-Sampling,958,1.30281925201416,20,5,100
rdata,la13.fjs,DRL-Sampling,1048,1.307823657989502,20,5,100
rdata,la14.fjs,DRL-Sampling,1090,1.298226356506348,20,5,100
rdata,la15.fjs,DRL-Sampling,1116,1.300629615783691,20,5,100
rdata,la16.fjs,DRL-Sampling,781,1.419320344924927,10,10,100
rdata,la17.fjs,DRL-Sampling,667,1.413251161575317,10,10,100
rdata,la18.fjs,DRL-Sampling,730,1.392812967300415,10,10,100
rdata,la19.fjs,DRL-Sampling,815,1.416558980941772,10,10,100
rdata,la20.fjs,DRL-Sampling,837,1.409271240234375,10,10,100
rdata,la21.fjs,DRL-Sampling,954,2.101608514785767,15,10,150
rdata,la22.fjs,DRL-Sampling,891,2.117732286453247,15,10,150
rdata,la23.fjs,DRL-Sampling,943,2.115891456604004,15,10,150
rdata,la24.fjs,DRL-Sampling,922,2.107937335968018,15,10,150
rdata,la25.fjs,DRL-Sampling,869,2.123702049255371,15,10,150
rdata,la26.fjs,DRL-Sampling,1149,2.845813751220703,20,10,200
rdata,la27.fjs,DRL-Sampling,1206,2.848572254180908,20,10,200
rdata,la28.fjs,DRL-Sampling,1171,2.851544857025146,20,10,200
rdata,la29.fjs,DRL-Sampling,1096,2.843313217163086,20,10,200
rdata,la30.fjs,DRL-Sampling,1191,2.865786790847778,20,10,200
rdata,la31.fjs,DRL-Sampling,1587,4.667264938354492,30,10,300
rdata,la32.fjs,DRL-Sampling,1718,4.633363723754883,30,10,300
rdata,la33.fjs,DRL-Sampling,1561,4.636556625366211,30,10,300
rdata,la34.fjs,DRL-Sampling,1593,4.62940788269043,30,10,300
rdata,la35.fjs,DRL-Sampling,1617,4.638907432556152,30,10,300
rdata,la36.fjs,DRL-Sampling,1170,3.421390771865845,15,15,225
rdata,la37.fjs,DRL-Sampling,1180,3.421675443649292,15,15,225
rdata,la38.fjs,DRL-Sampling,1120,3.39856481552124,15,15,225
rdata,la39.fjs,DRL-Sampling,1144,3.408718585968018,15,15,225
rdata,la40.fjs,DRL-Sampling,1106,3.411334991455078,15,15,225
rdata,mt06.fjs,DRL-Sampling,47,0.4908003807067871,6,6,36
rdata,mt10.fjs,DRL-Sampling,747,1.405802011489868,10,10,100
rdata,mt20.fjs,DRL-Sampling,1069,1.321439027786255,20,5,100
rdata,orb1.fjs,DRL-Sampling,821,1.410332202911377,10,10,100
rdata,orb10.fjs,DRL-Sampling,841,1.405290365219116,10,10,100
rdata,orb2.fjs,DRL-Sampling,779,1.409454584121704,10,10,100
rdata,orb3.fjs,DRL-Sampling,772,1.410492420196533,10,10,100
rdata,orb4.fjs,DRL-Sampling,856,1.415711879730225,10,10,100
rdata,orb5.fjs,DRL-Sampling,750,1.403960704803467,10,10,100
rdata,orb6.fjs,DRL-Sampling,836,1.411829471588135,10,10,100
rdata,orb7.fjs,DRL-Sampling,339,1.407338619232178,10,10,100
rdata,orb8.fjs,DRL-Sampling,704,1.400544166564941,10,10,100
rdata,orb9.fjs,DRL-Sampling,775,1.408560276031494,10,10,100
vdata,abz5.fjs,DRL-Greedy,928,0.4786860644817352,10,10,100
vdata,abz6.fjs,DRL-Greedy,788,0.4614340960979462,10,10,100
vdata,abz7.fjs,DRL-Greedy,515,1.378722429275513,20,15,300
vdata,abz8.fjs,DRL-Greedy,529,1.376787543296814,20,15,300
vdata,abz9.fjs,DRL-Greedy,533,1.376568794250488,20,15,300
vdata,car1.fjs,DRL-Greedy,5398,0.2528563439846039,11,5,55
vdata,car2.fjs,DRL-Greedy,6065,0.2393015176057816,13,4,52
vdata,car3.fjs,DRL-Greedy,5964,0.2757090926170349,12,5,60
vdata,car4.fjs,DRL-Greedy,8575,0.2591329514980316,14,4,56
vdata,car5.fjs,DRL-Greedy,5976,0.2772510349750519,10,6,60
vdata,car6.fjs,DRL-Greedy,5561,0.3337762951850891,8,9,72
vdata,car7.fjs,DRL-Greedy,5365,0.2275168746709824,7,7,49
vdata,car8.fjs,DRL-Greedy,4947,0.289802074432373,8,8,64
vdata,la01.fjs,DRL-Greedy,618,0.231025367975235,10,5,50
vdata,la02.fjs,DRL-Greedy,592,0.2299180030822754,10,5,50
vdata,la03.fjs,DRL-Greedy,545,0.2296839952468872,10,5,50
vdata,la04.fjs,DRL-Greedy,541,0.2293076068162918,10,5,50
vdata,la05.fjs,DRL-Greedy,495,0.2318333685398102,10,5,50
vdata,la06.fjs,DRL-Greedy,824,0.3447012007236481,15,5,75
vdata,la07.fjs,DRL-Greedy,800,0.3442780673503876,15,5,75
vdata,la08.fjs,DRL-Greedy,805,0.3469188809394836,15,5,75
vdata,la09.fjs,DRL-Greedy,894,0.3456420004367828,15,5,75
vdata,la10.fjs,DRL-Greedy,831,0.3456906676292419,15,5,75
vdata,la11.fjs,DRL-Greedy,1085,0.462371826171875,20,5,100
vdata,la12.fjs,DRL-Greedy,951,0.4615204930305481,20,5,100
vdata,la13.fjs,DRL-Greedy,1071,0.4597242772579193,20,5,100
vdata,la14.fjs,DRL-Greedy,1095,0.4623598754405975,20,5,100
vdata,la15.fjs,DRL-Greedy,1103,0.460144430398941,20,5,100
vdata,la16.fjs,DRL-Greedy,743,0.4603559970855713,10,10,100
vdata,la17.fjs,DRL-Greedy,675,0.4574362337589264,10,10,100
vdata,la18.fjs,DRL-Greedy,663,0.4600118696689606,10,10,100
vdata,la19.fjs,DRL-Greedy,642,0.4614619314670563,10,10,100
vdata,la20.fjs,DRL-Greedy,771,0.4619812965393066,10,10,100
vdata,la21.fjs,DRL-Greedy,832,0.703220546245575,15,10,150
vdata,la22.fjs,DRL-Greedy,793,0.7055709958076477,15,10,150
vdata,la23.fjs,DRL-Greedy,853,0.7036189436912537,15,10,150
vdata,la24.fjs,DRL-Greedy,825,0.7016609311103821,15,10,150
vdata,la25.fjs,DRL-Greedy,798,0.7014433741569519,15,10,150
vdata,la26.fjs,DRL-Greedy,1094,0.9311366081237793,20,10,200
vdata,la27.fjs,DRL-Greedy,1121,0.9390237927436829,20,10,200
vdata,la28.fjs,DRL-Greedy,1091,0.9332863092422485,20,10,200
vdata,la29.fjs,DRL-Greedy,1038,0.9386228919029236,20,10,200
vdata,la30.fjs,DRL-Greedy,1098,0.9341573715209961,20,10,200
vdata,la31.fjs,DRL-Greedy,1590,1.401355385780334,30,10,300
vdata,la32.fjs,DRL-Greedy,1708,1.411004304885864,30,10,300
vdata,la33.fjs,DRL-Greedy,1517,1.412269830703735,30,10,300
vdata,la34.fjs,DRL-Greedy,1569,1.405303835868835,30,10,300
vdata,la35.fjs,DRL-Greedy,1584,1.401852965354919,30,10,300
vdata,la36.fjs,DRL-Greedy,969,1.04225742816925,15,15,225
vdata,la37.fjs,DRL-Greedy,1060,1.054374098777771,15,15,225
vdata,la38.fjs,DRL-Greedy,971,1.05414617061615,15,15,225
vdata,la39.fjs,DRL-Greedy,935,1.053364276885986,15,15,225
vdata,la40.fjs,DRL-Greedy,958,1.047745585441589,15,15,225
vdata,mt06.fjs,DRL-Greedy,50,0.1633438915014267,6,6,36
vdata,mt10.fjs,DRL-Greedy,655,0.4565306603908539,10,10,100
vdata,mt20.fjs,DRL-Greedy,1077,0.46063432097435,20,5,100
vdata,orb1.fjs,DRL-Greedy,793,0.4621456265449524,10,10,100
vdata,orb10.fjs,DRL-Greedy,736,0.4618638157844543,10,10,100
vdata,orb2.fjs,DRL-Greedy,665,0.4575121104717255,10,10,100
vdata,orb3.fjs,DRL-Greedy,729,0.4613090455532074,10,10,100
vdata,orb4.fjs,DRL-Greedy,765,0.4595959782600403,10,10,100
vdata,orb5.fjs,DRL-Greedy,594,0.4582758843898773,10,10,100
vdata,orb6.fjs,DRL-Greedy,728,0.4626440703868866,10,10,100
vdata,orb7.fjs,DRL-Greedy,287,0.4520818293094635,10,10,100
vdata,orb8.fjs,DRL-Greedy,607,0.4598967730998993,10,10,100
vdata,orb9.fjs,DRL-Greedy,717,0.461672306060791,10,10,100
vdata,abz5.fjs,DRL-Sampling,880,1.561303377151489,10,10,100
vdata,abz6.fjs,DRL-Sampling,742,1.38270115852356,10,10,100
vdata,abz7.fjs,DRL-Sampling,507,4.617382049560547,20,15,300
vdata,abz8.fjs,DRL-Sampling,524,4.601813316345215,20,15,300
vdata,abz9.fjs,DRL-Sampling,519,4.589181900024414,20,15,300
vdata,car1.fjs,DRL-Sampling,5133,0.7338457107543945,11,5,55
vdata,car2.fjs,DRL-Sampling,6018,0.681525468826294,13,4,52
vdata,car3.fjs,DRL-Sampling,5804,0.7963352203369141,12,5,60
vdata,car4.fjs,DRL-Sampling,6759,0.734119176864624,14,4,56
vdata,car5.fjs,DRL-Sampling,5287,0.8057858943939209,10,6,60
vdata,car6.fjs,DRL-Sampling,5486,0.987316370010376,8,9,72
vdata,car7.fjs,DRL-Sampling,4473,0.6754698753356934,7,7,49
vdata,car8.fjs,DRL-Sampling,4838,0.8756868839263916,8,8,64
vdata,la01.fjs,DRL-Sampling,581,0.6607205867767334,10,5,50
vdata,la02.fjs,DRL-Sampling,546,0.6601073741912842,10,5,50
vdata,la03.fjs,DRL-Sampling,502,0.6623196601867676,10,5,50
vdata,la04.fjs,DRL-Sampling,515,0.6682770252227783,10,5,50
vdata,la05.fjs,DRL-Sampling,479,0.6631159782409668,10,5,50
vdata,la06.fjs,DRL-Sampling,812,0.9693922996520996,15,5,75
vdata,la07.fjs,DRL-Sampling,768,0.9838404655456543,15,5,75
vdata,la08.fjs,DRL-Sampling,781,0.9688186645507812,15,5,75
vdata,la09.fjs,DRL-Sampling,865,0.9681510925292969,15,5,75
vdata,la10.fjs,DRL-Sampling,819,0.9686307907104492,15,5,75
vdata,la11.fjs,DRL-Sampling,1083,1.281241655349731,20,5,100
vdata,la12.fjs,DRL-Sampling,942,1.285197734832764,20,5,100
vdata,la13.fjs,DRL-Sampling,1048,1.287086725234985,20,5,100
vdata,la14.fjs,DRL-Sampling,1085,1.280575037002563,20,5,100
vdata,la15.fjs,DRL-Sampling,1101,1.284533023834229,20,5,100
vdata,la16.fjs,DRL-Sampling,719,1.376538753509521,10,10,100
vdata,la17.fjs,DRL-Sampling,646,1.380594253540039,10,10,100
vdata,la18.fjs,DRL-Sampling,663,1.378200531005859,10,10,100
vdata,la19.fjs,DRL-Sampling,621,1.381674528121948,10,10,100
vdata,la20.fjs,DRL-Sampling,756,1.382797241210938,10,10,100
vdata,la21.fjs,DRL-Sampling,825,2.01288628578186,15,10,150
vdata,la22.fjs,DRL-Sampling,755,2.01506495475769,15,10,150
vdata,la23.fjs,DRL-Sampling,839,2.021742582321167,15,10,150
vdata,la24.fjs,DRL-Sampling,807,2.014704942703247,15,10,150
vdata,la25.fjs,DRL-Sampling,801,2.012317657470703,15,10,150
vdata,la26.fjs,DRL-Sampling,1079,2.699303865432739,20,10,200
vdata,la27.fjs,DRL-Sampling,1105,2.693427562713623,20,10,200
vdata,la28.fjs,DRL-Sampling,1097,2.700608730316162,20,10,200
vdata,la29.fjs,DRL-Sampling,1023,2.715341329574585,20,10,200
vdata,la30.fjs,DRL-Sampling,1104,2.691184759140015,20,10,200
vdata,la31.fjs,DRL-Sampling,1546,4.43653678894043,30,10,300
vdata,la32.fjs,DRL-Sampling,1689,4.429109573364258,30,10,300
vdata,la33.fjs,DRL-Sampling,1518,4.430213928222656,30,10,300
vdata,la34.fjs,DRL-Sampling,1561,4.428985595703125,30,10,300
vdata,la35.fjs,DRL-Sampling,1577,4.434593677520752,30,10,300
vdata,la36.fjs,DRL-Sampling,953,3.306601762771606,15,15,225
vdata,la37.fjs,DRL-Sampling,998,3.31587815284729,15,15,225
vdata,la38.fjs,DRL-Sampling,943,3.319688320159912,15,15,225
vdata,la39.fjs,DRL-Sampling,940,3.307762622833252,15,15,225
vdata,la40.fjs,DRL-Sampling,955,3.306038856506348,15,15,225
vdata,mt06.fjs,DRL-Sampling,47,0.4822561740875244,6,6,36
vdata,mt10.fjs,DRL-Sampling,655,1.37713360786438,10,10,100
vdata,mt20.fjs,DRL-Sampling,1030,1.286875247955322,20,5,100
vdata,orb1.fjs,DRL-Sampling,711,1.380369663238525,10,10,100
vdata,orb10.fjs,DRL-Sampling,681,1.383090496063232,10,10,100
vdata,orb2.fjs,DRL-Sampling,640,1.386471271514893,10,10,100
vdata,orb3.fjs,DRL-Sampling,666,1.38371729850769,10,10,100
vdata,orb4.fjs,DRL-Sampling,753,1.373935699462891,10,10,100
vdata,orb5.fjs,DRL-Sampling,586,1.382158041000366,10,10,100
vdata,orb6.fjs,DRL-Sampling,715,1.377852201461792,10,10,100
vdata,orb7.fjs,DRL-Sampling,282,1.382253408432007,10,10,100
vdata,orb8.fjs,DRL-Sampling,579,1.384782552719116,10,10,100
vdata,orb9.fjs,DRL-Sampling,659,1.383520126342773,10,10,100
